"title","image_url"
"[Simulated] Anker 737 Power Bank (PowerCore 24K)","https://images.unsplash.com/photo-1583863788434-e58a36330cf0?w=400"
"[Simulated] DJI Osmo Pocket 3","https://images.unsplash.com/photo-1516035069371-29a1b244cc32?w=400"
"[Simulated] iPad Pro 12.9-inch M2","https://images.unsplash.com/photo-1544244015-0df4b3ffc6b0?w=400"
"[Simulated] iPhone 15 Pro Max 512GB","https://images.unsplash.com/photo-1510557880182-3d4d3cba35a5?w=400"
"[Simulated] Keychron K2 Mechanical Keyboard","https://images.unsplash.com/photo-1587829741301-dc798b83add3?w=400"
"[Simulated] Logitech MX Master 3S Mouse","https://images.unsplash.com/photo-1615663245857-ac93bb7c39e7?w=400"
"[Simulated] MacBook Pro 16 M3 Max","https://images.unsplash.com/photo-1517336714731-489689fd1ca8?w=400"
"[Simulated] RTX 4090 Founders Edition","https://images.unsplash.com/photo-1591488320449-011701bb6704?w=400"
"[Simulated] Samsung T7 Portable SSD 2TB","https://images.unsplash.com/photo-1609703409074-8968b8ec66d2?w=400"
"[Simulated] Sony PlayStation 5 Pro","https://images.unsplash.com/photo-1606813907291-d86efa9b94db?w=400"
"[Simulated] Sony WH-1000XM5 ANC Headphones","https://images.unsplash.com/photo-1505740420928-5e560c06d30e?w=400"
"[Simulated] Xiaomi Smart Projector 2","https://images.unsplash.com/photo-1535016120720-40c646be5580?w=400"
"Aashirvaad Whole Wheat Atta 5kg","/products/groceries/aashirvaad-atta.jpg"
"Accu-Chek Active Glucometer","/products/health/accuchek-active.jpg"
"Acer Predator Helios Neo 16","/products/electronics/acer-predator-neo16.jpg"
"Adidas Essentials Track Pants","/products/fashion/adidas-trackpants.jpg"
"Adidas Grand Court Women","/products/fashion/adidas-grand-court-women.jpg"
"Adidas Samba OG","/products/fashion/adidas-samba-og.jpg"
"Adidas Ultraboost 5","/products/fashion/adidas-ultraboost-5.jpg"
"Adjustable Dumbbell Set","/products/sports/adjustable-dumbbell-set.jpg"
"Adjustable Hand Gripper","/products/sports/hand-gripper.jpg"
"Allen Solly Formal Shirt","/products/fashion/allen-solly-formal-shirt.jpg"
"Amazon Echo Dot 5th Gen","/products/electronics/echo-dot-5.jpg"
"Amazon Kindle Paperwhite","/products/electronics/kindle-paperwhite.jpg"
"American Tourister Backpack","/products/fashion/american-tourister-backpack.jpg"
"Amul Butter 500g","/products/groceries/amul-butter.jpg"
"Amul Pure Ghee 1L","/products/groceries/amul-ghee.jpg"
"Anker 737 Power Bank","https://images.unsplash.com/photo-1583863788434-e58a36330cf0?w=400"
"Apollo Pharmacy First Aid Kit","/products/health/first-aid-kit.jpg"
"Apple AirPods Pro 2","/products/electronics/airpods-pro2.jpg"
"Apple iPhone 16 128GB","/products/electronics/iphone16-128gb.jpg"
"Apple iPhone 16 Pro 256GB","/products/electronics/iphone16pro-256gb.jpg"
"Apple TV 4K","/products/electronics/apple-tv-4k.jpg"
"Apple Watch Series 10","/products/electronics/apple-watch-series10.jpg"
"Apsara Platinum Pencil Pack","/products/books/apsara-platinum-pencil.jpg"
"Aqualogica Glow Sunscreen","/products/beauty/aqualogica-sunscreen.jpg"
"Armani Acqua di Gio","/products/fragrances/acqua-di-gio.jpg"
"ASUS ROG Ally X","/products/gaming/rog-ally-x.jpg"
"ASUS ROG Strix G16","/products/electronics/asus-rog-g16.jpg"
"Atomic Habits","/products/books/atomic-habits.jpg"
"Aurelia Straight Kurta Palazzo Set","/products/fashion/aurelia-kurta-palazzo.jpg"
"Bajaj Electric Kettle 1.7L","/products/home/bajaj-kettle.jpg"
"Band-Aid Adhesive Bandages","/products/health/band-aid.jpg"
"Beardo Activated Charcoal Face Wash","/products/beauty/beardo-facewash.jpg"
"Belkin 3-in-1 Wireless Charger","/products/electronics/belkin-3in1-charger.jpg"
"Bella Vita Luxury CEO Man","/products/fragrances/bella-vita-ceo-man.jpg"
"Bella Vita Luxury Perfume","/products/beauty/bellavita-perfume.jpg"
"Bella Vita Luxury Senorita","/products/fragrances/bella-vita-senorita.jpg"
"Biba Anarkali Suit Set","/products/fashion/biba-anarkali-suit.jpg"
"Biba Floral Printed Salwar Suit","/products/fashion/biba-floral-suit.jpg"
"Biba Printed Kurti","/products/fashion/biba-printed-kurti.jpg"
"Biotique Bio Morning Nectar Moisturizer","/products/beauty/biotique-moisturizer.jpg"
"Bisleri Mineral Water 2L","/products/groceries/bisleri-water.jpg"
"Bleu de Chanel Eau de Parfum","/products/fragrances/bleu-de-chanel.jpg"
"Boat Airdopes 141","/products/electronics/boat-airdopes141.jpg"
"Bombay Shaving Company Beard Oil","/products/beauty/beard-oil.jpg"
"Bru Instant Coffee 200g","/products/groceries/bru-instant-coffee.jpg"
"Butterfly Mixer Grinder 750W","/products/home/butterfly-mixer-grinder.jpg"
"Cadbury Dairy Milk Silk 150g","/products/groceries/dairy-milk-silk.jpg"
"Calvin Klein CK One","/products/fragrances/ck-one.jpg"
"Camel Sketch Book","/products/books/camel-sketch-book.jpg"
"Can't Hurt Me","/products/books/cant-hurt-me.jpg"
"Canon EOS R50","/products/electronics/canon-r50.jpg"
"Casio FX-991ES Plus Calculator","/products/books/casio-fx991es.jpg"
"Cello Plastic Storage Container Set","/products/home/cello-storage-container.jpg"
"Cetaphil Gentle Skin Cleanser","/products/beauty/cetaphil-cleanser.jpg"
"Chanel Coco Mademoiselle","/products/fragrances/coco-mademoiselle.jpg"
"Chromecast with Google TV","/products/electronics/chromecast-google-tv.jpg"
"Classmate Long Notebook","/products/books/classmate-long-notebook.jpg"
"Coca-Cola 2L","/products/groceries/coca-cola-2l.jpg"
"Colgate Total Toothpaste","/products/beauty/colgate-toothpaste.jpg"
"Cosco Volleyball","/products/sports/cosco-volleyball.jpg"
"Creed Aventus","/products/fragrances/creed-aventus.jpg"
"Crocs Classic Clog","/products/fashion/crocs-classic-clog.jpg"
"Cult 11-in-1 Fitness Kit","/products/sports/cult-fitness-kit.jpg"
"Dabur Chyawanprash 1kg","/products/health/dabur-chyawanprash.jpg"
"Davidoff Cool Water","/products/fragrances/davidoff-cool-water.jpg"
"Decathlon Skipping Rope","/products/sports/skipping-rope.jpg"
"Deep Work","/products/books/deep-work.jpg"
"Dell XPS 13","/products/electronics/dell-xps13.jpg"
"Dettol Antiseptic Liquid","/products/health/dettol-antiseptic.jpg"
"Dior Sauvage Eau de Parfum","/products/fragrances/dior-sauvage-edp.jpg"
"DJI Mini 4 Pro","/products/electronics/dji-mini4pro.jpg"
"Do Epic Shit","/products/books/do-epic-shit.jpg"
"Doms Geometry Box","/products/books/doms-geometry-box.jpg"
"Dove Deep Moisture Body Wash","/products/beauty/dove-bodywash.jpg"
"Dove Intense Repair Shampoo","/products/beauty/dove-shampoo.jpg"
"Dr Ortho Pain Relief Oil","/products/health/dr-ortho-oil.jpg"
"Dr Trust Infrared Thermometer","/products/health/drtrust-thermometer.jpg"
"Dr. Morepen Blood Pressure Monitor BP02","/products/health/dr-morepen-bp-monitor.jpg"
"Dr. Morepen GlucoOne Glucometer","/products/health/dr-morepen-glucometer.jpg"
"Dyson V12 Detect Slim","/products/electronics/dyson-v12.jpg"
"Dyson V12 Detect Slim Vacuum Cleaner","/products/home/dyson-v12.jpg"
"Elgato HD60 X Capture Card","/products/gaming/elgato-hd60x.jpg"
"Elgato Stream Deck MK2","/products/electronics/elgato-streamdeck.jpg"
"Elgato Stream Deck MK2","/products/gaming/elgato-streamdeck-mk2.jpg"
"Engage Amber Hues Perfume","/products/fragrances/engage-amber-hues.jpg"
"Engage Perfume Spray","/products/beauty/engage-perfume.jpg"
"Ensure Nutrition Powder Vanilla 1kg","/products/health/ensure-vanilla.jpg"
"Eureka Forbes Aquaguard Aura","/products/home/aquaguard-aura.jpg"
"Faber-Castell Colour Pencils","/products/books/faber-colour-pencils.jpg"
"FabIndia Cotton Saree","/products/fashion/fabindia-cotton-saree.jpg"
"Fitkit FT100 Treadmill","/products/sports/fitkit-ft100-treadmill.jpg"
"Flamingo Cervical Collar","/products/health/flamingo-cervical-collar.jpg"
"Fogg Impressio Perfume","/products/fragrances/fogg-impressio.jpg"
"Fogg Scent Perfume","/products/beauty/fogg-perfume.jpg"
"Foldable Gym Bench","/products/sports/foldable-gym-bench.jpg"
"Forest Essentials Facial Cleanser","/products/beauty/forest-essentials-cleanser.jpg"
"Fortune Sunlite Refined Oil 5L","/products/groceries/fortune-sunlite-oil.jpg"
"Fossil Grant Chronograph Watch","/products/fashion/fossil-grant-watch.jpg"
"Fossil Jacqueline Women's Watch","/products/fashion/fossil-jacqueline-watch.jpg"
"Garmin Forerunner 265","/products/electronics/garmin-forerunner265.jpg"
"Gillette Fusion Razor","/products/beauty/gillette-fusion.jpg"
"Global Desi Boho Maxi Dress","/products/fashion/global-desi-maxi-dress.jpg"
"Godrej Single Door Refrigerator 180L","/products/home/godrej-refrigerator.jpg"
"Google Nest Mini","/products/electronics/google-nest-mini.jpg"
"Google Pixel 9 Pro","/products/electronics/pixel9pro.jpg"
"GoPro HERO13 Black","/products/electronics/gopro-hero13.jpg"
"Gucci Bloom","/products/fragrances/gucci-bloom.jpg"
"H&M Floral Summer Dress","/products/fashion/hm-floral-summer-dress.jpg"
"H&M Hoodie","/products/fashion/hm-hoodie.jpg"
"H&M Oversized Hoodie","/products/fashion/hm-oversized-hoodie.jpg"
"Himalaya Neem Face Wash","/products/beauty/himalaya-neem-facewash.jpg"
"Home Centre LED Table Lamp","/products/home/led-table-lamp.jpg"
"Horlicks Health Drink 1kg","/products/health/horlicks-health-drink.jpg"
"HP Spectre x360","/products/electronics/hp-spectre-x360.jpg"
"Hugo Boss Bottled","/products/fragrances/hugo-boss-bottled.jpg"
"HyperX Cloud III","/products/gaming/hyperx-cloud-3.jpg"
"IFB Front Load Washing Machine 8kg","/products/home/ifb-washing-machine.jpg"
"IKEA LACK Coffee Table","/products/home/ikea-lack-table.jpg"
"Ikigai","/products/books/ikigai.jpg"
"India Gate Basmati Rice 5kg","/products/groceries/india-gate-basmati-rice.jpg"
"Indulekha Bringha Hair Oil","/products/beauty/indulekha-oil.jpg"
"iPad Air M3","/products/electronics/ipad-air-m3.jpg"
"Jack & Jones Denim Jacket","/products/fashion/jackjones-denim-jacket.jpg"
"JBL Tune 770NC","/products/electronics/jbl-tune770nc.jpg"
"Kama Ayurveda Rose Water","/products/beauty/kama-rose-water.jpg"
"Kellogg's Corn Flakes 875g","/products/groceries/kelloggs-cornflakes.jpg"
"Kent Grand Water Purifier","/products/home/kent-grand.jpg"
"Kookaburra Cricket Ball","/products/sports/kookaburra-cricket-ball.jpg"
"L'Oreal Paris Revitalift Serum","/products/beauty/loreal-revitalift-serum.jpg"
"L'Oreal Total Repair Shampoo","/products/beauty/loreal-shampoo.jpg"
"Lakme 9to5 Lipstick","/products/beauty/lakme-lipstick.jpg"
"Lakme 9to5 Primer + Matte Foundation","/products/beauty/lakme-matte-foundation.jpg"
"Lakme Absolute Perfect Radiance Face Wash","/products/beauty/lakme-absolute-facewash.jpg"
"Lakme Eyeconic Kajal","/products/beauty/lakme-eyeconic.jpg"
"Lakme Sun Expert SPF 50 Sunscreen","/products/beauty/lakme-sunscreen.jpg"
"Lanc??me La Vie Est Belle","/products/fragrances/la-vie-est-belle.jpg"
"Lay's American Style Cream & Onion","/products/groceries/lays-cream-onion.jpg"
"Lenovo Yoga 7","/products/electronics/lenovo-yoga7.jpg"
"Levi's 511 Slim Fit Jeans","/products/fashion/levis-511-jeans.jpg"
"Levi's 512 Taper Jeans","/products/fashion/levis-512-jeans.jpg"
"Levi's Women's Skinny Jeans","/products/fashion/levis-womens-skinny-jeans.jpg"
"LG Double Door Refrigerator 260L","/products/home/lg-double-door-fridge.jpg"
"LG OLED C4 55-inch TV","/products/electronics/lg-oled-c4.jpg"
"Libas Embroidered Kurta Set","/products/fashion/libas-kurta-set.jpg"
"Listerine Mouthwash","/products/beauty/listerine-mouthwash.jpg"
"Logitech G Pro X Superlight 2","/products/gaming/logitech-gpro-x-superlight2.jpg"
"Logitech G29 Racing Wheel","/products/gaming/logitech-g29.jpg"
"Logitech MX Keys S","/products/electronics/mx-keys-s.jpg"
"Logitech MX Master 3S","/products/electronics/mx-master3s.jpg"
"MAC Matte Lipstick Ruby Woo","/products/beauty/mac-rubywoo.jpg"
"MacBook Air M4","/products/electronics/macbook-air-m4.jpg"
"MacBook Pro 14 M4","/products/electronics/macbook-pro-m4.jpg"
"Maggi 2-Minute Noodles Pack","/products/groceries/maggi-noodles.jpg"
"Mamaearth Onion Hair Oil","/products/beauty/mamaearth-onion-oil.jpg"
"Mamaearth Ubtan Face Mask","/products/beauty/mamaearth-mask.jpg"
"Mamaearth Ubtan Face Wash","/products/beauty/mamaearth-ubtan-facewash.jpg"
"Mamaearth Vitamin C Serum","/products/beauty/mamaearth-vitamin-c-serum.jpg"
"Manyavar Mohey Designer Lehenga","/products/fashion/mohey-designer-lehenga.jpg"
"Maybelline Colossal Kajal","/products/beauty/maybelline-kajal.jpg"
"Maybelline Fit Me Compact","/products/beauty/maybelline-fitme-compact.jpg"
"Maybelline Fit Me Foundation","/products/beauty/maybelline-fitme-foundation.jpg"
"Maybelline Sky High Mascara","/products/beauty/maybelline-skyhigh.jpg"
"Maybelline Superstay Lipstick","/products/beauty/maybelline-superstay.jpg"
"Meta Quest 3","/products/gaming/meta-quest-3.jpg"
"MI 2026 Official Jersey","data:image/jpeg;base64,/9j/4AAQSkZJRgABAQAAAQABAAD/2wCEAAkGBxMTEhUTExMWFhUXGBcYFRcWFxUXFxYYFRoXGBgYFxgYICggHh8mGxcYIjEhJSkrLi4uGCAzODMtNygtLisBCgoKDg0OGxAQGi4lHyUtLS0tLS0tLS0vLS4tLS0tLS0tLS0tLS0tLS0tLS0tLS0tLi0tLS0tLS0tLS0tLS0tLf/AABEIAPsAyQMBEQACEQEDEQH/xAAcAAEAAQUBAQAAAAAAAAAAAAAAAwIEBQYHAQj/xABKEAACAQIDAwcHCQQJAwUAAAABAgADEQQSIQUxQQYTUWFxgZEHIjKSobHwFCNCUmJygsHRM0OishVTVGODwtLT4SQ0k0Skw+Lx/8QAGgEBAAMBAQEAAAAAAAAAAAAAAAECAwQFBv/EADURAAIBAgQCBwcEAwEBAAAAAAABAgMRBBIhMUFRBRNhcZGhsSIyUoHB0fAUQmLhIzNy8cL/2gAMAwEAAhEDEQA/AO4wBAEAQBAEAQBAEAQBAEAQBAEApVwb2INjY9R0Nj3EeMAqgCAIAgCAIAgCAIAgCAIAgCAIAgCAIAJgGpbN8oWEr44YKiWdiHtVAHNFkBJVTe50B1AtpoTNZUZRjmZFzbZkSIAgCAIB888iuXpwePxLuzVMNXrVWfezC7nJVUcTawI4i31QJ2dRmprmVvZnbtj8qsFijahiaTt9QMA/qGzeycsoSjuibmYlSRAEAQBAEAQBAEAQBAEAQBAEAsNr7aw+FXNiKyUwdFzHzmPQi72PUATJSuDQOUflOrBb4PBOVOnP4j5umv2il82UbyWK7pMere8g1JcDk+1uV2PxLNz+KqMDcZab5aVt1gtOysLcTfTjPTo0YJXt4mTbKeS20Pk2Mw1cfQqrf7j+Y/8AAzTWvDNTaEXqfVE8U1EAQBANV8pu32wez6tRP2j2pU+pqmmbuXMe0CaUoZ5WIbsfMyU7C3RPWUTO5UmHzt6SKRqC7ZRcdDHQHttu3zGr7Kva/cFqdB5Mcodr4RQRXp1qVr83Wq86tvs11uFPR85bqnBUqUW7ar5GsYSOicnPKlha5WniAcJVO4VSDSY/YrDzSL9NpXJpeOqD03N7BvqJQHsAQBAEAQBAEAQBAEAxPKLlJhsFT5zEVQgPorvdz0Io1PuHGWjFy2BzXbPL7aOJBGFojB0v62uV5y3TZvNTv38DJbpw3d3yQSb7DSMbgKuZaq1KtaudHNUtmqjoXUVAt7bjltmu9iBJhXjNNTVl6fnj2FpU3F3RhMdto86RQyqlrGy0/OJ61Ubju7L3M3p4SNva3KOq+BYI09NGRd4SqBUplr2DoT2BgTbukz91kH1Zs/aFKugqUaiup4qb9x6D1GeDKLi7NGyaexdSCRAPGNhc6CAcQ8r3LrDYqmuFw5z5KodqlxkJUOtl6fS37tNLzvw1FxeZmcpJ6HLSZ2FSTD4pqbB0tmG7MqOPVcEeyUqRU1Zk3sZqnytqNYVqaVADfTzWH3WIbL3ATilgI/tbRpGs1ui65gYk862b5PfzVLAEsBlOdrkBx0OwJDAhmAyTGTVFZV735+fQsk5u/AzfJ/am0MBb5LXFWj/ZsQ1iAOC5rFfvDKnUZmq0J+8rPmiZU3HY6pyS5d0Ma3NMrUMSBdqFS1yPrUm3VF0Oo7bSXG2q1RU2uVAgCAIAgCAIAgGE5X8o6eBw5rPqx0ppexd+jsG8ngO4TWjSdSWVESdkfNuN2vWr4h69dmeoxN2U5WtrZEYhubUdCjd23no/pklZef24mPWE9Db9Sn+yp0kG42DFzf61YtzngwHVKywMJL2m3+ctiVWaeheU6G0cetqNH5s3HzSJRpEj0izm2e3G7NMJRw2Her9rt1ZbPOatwPaXJ3CYa/yiv8oqj9zhiMinX9pXYa9ii4m1KGIrf61lXOW/yRjOtTp76vsMTVwKliVBUXNluTYaaXOvHo4T0o0LaN3Zh+pb1seDA8bm3gfHf8b5Lo8yOvZf7K2zicFXL0qrC2ovqGXirj6QHQb9WsxrYZO6ZalXvZo7tyF5a0toIRbm66i7U76Munn0yd66jrF+sE+LWoSpPXbmd0ZqRtLuACSQABck6AAbyTMSxwXyjcvnx7thcMxTCg2dxo1YbtehOheO89A9PDYS2st/T+zmqVrbGl/IwBawsN273/8AE9PqrK3A41VTdyungktul40o2KTrTT0YwlBFe7UhUXW6sWA3kaFCGvp7Zz1KGZNRbXcdEa7SVyfEbHo1dcMxpuf3FcixPRSr6KeoPbtM4mq1H/YrrmvqvsbxqQnto+Rj8PXr4WqcpejVX0gQVP4lbQjtBEu4Uq0dUmiylKL0L2tynrsCrCiVJ85DSTm3O+7Ux5oN9cygHrmKwVJaq/iW62RjauLIcGmOasQyqrNam2/PSLEspuOnhx3C3UWerv2/cZ7n01yE5Rrj8GlbTnB5lZR9GooGbuIIYdTCcFWnklY0TujYZmSIAgCAIAgFNSoFBZiAACSTuAGpJgHzhy75StjsUz682oZaK9CfWt0tvPcOE9zDUVSjbjxMG7s1kDU9vx7JuZyKqVItcAa6+zeYSuyrdtWbHisfWamKIqMKSLkVFOVLDpA9Ik3JJvqTNY4OjBuaj7XN7nC685tJvTkY9U6Nfb+f6zVJ8BJxvZhF14Hf+Q+N26I+8Jv2RWtx+NVvbuvE2RST1PMTRzDU7tb/ABr7TEotrViNRJ6Iq2Li6mHqh0JUqbqV3o1hc2+qTe43anpMz6uFSLhNaehrKcotSjv6m+8u+WtTFYCjSp02ptXzc8folaZysqG98rN08BbjPJw2E/zSi/2nbVrpU1Lmc8SiEFhfgSeG8b7dQM9ZxUdDhUnLUlce8e8TSWxnBalNJTYe3hY8eHTKJNrQvJq+pSBY9f674WkhLWJ69UbmFxu8SPyvLTlzK01yMnSxqVFFKunPUhop9GtRuR+xqHS32GJU6aCcNbBNvPQ0ly4Pv+5008Rl0nsYXlHspKDKaNbnqFQZqb2ysCNGp1F4ONOjeNJy0K0p3jUjlkuH1XYdcktGndGJqj0D2jwBM6J8CsToPkc2+cPjhRY/N4gZCOAqDWm3fqv4h0TlxVO8L8jWL1PoGeaaCAIAgCAIBpHld2vzOBNNT51dub/BvqeKjL+KdWDp5qqfLUpN2RwKofOHYR7jPa4mRNs/CNVrLRW2aoQFvuuTa56tZlWqxpRc5bJXIUXJpI2vadGhh6KYeiQxNnxFU73c3slwdFXXzQd54kGYdGxq1b4iqrX0iuS597McXOMX1cNbb95harMwPRw436OGvh+s9iV7HBFxvoVKotvFtfeZMdik3qRAA8esdGpJ08eEzSuauWUyuyeTtTEFAm53ann3qCqMxDWObdrutu6ROatWjTvff8RrSi57EG2dnPQqPRqWzDTS5DXFwV6QQZvTqxqQzLiYODhOz4FmKYa/aeg79d2o3GWUEyZTcdiepWB80ZgEULqSRcszMegAlrW6hMqMcs534v6F6rcoQ7i1cXPeOo77XA3/AEuqaPVkRuolaYUkhVBZmIVQLXJY2A01OplZqMU2yYzcmkbjhORdOjTNXGV8irlzCmBZc5GUFyDcm43Dje9rGeY+kXtTXzZ1rB3fteRdf0fhACU2fUcC92q1mTjYNlUm17aXt+U4pdIzeubwR1wwUU7erLXA7GwOOL00ovh6662FdXFtBcK5JIuQLhRvFyLgzaOMqWzXuu4iphOrdreBqO2dlth3ak5s2W6tuDjVdRwN1YEa6qd+hnrUayq08yPLcXGZJsV6Tl8PXFlqgIW4q+opOpO4g+b1hrG4vODpOM+rVan70fNcUduFaz5Xs/UwvKHY9TC1BSqjUXKsPRdSLBl/TgdJWjiYYiEZw/8ADd03CTTLWjVZCHQ2ZSGU9DKQVPcQDN2k1ZkH1dsXaC4jD0q67qqK46swBt3bp4klZ2ZsXsgCAIAgCAcS8tW0+cxaUQdKNPX79WzEeqqeM9bo+FoOXMxqPU5vWG4zvZUvNi4vm62YDzubqqh4q7qQrDrBI8ZjVo9c4x4XV+1ciJTyRb7Dd8L/AEeObplWdwEBKqzeeLEqFc83a4IOh0PEiWqrEu7vZcOGnqcUOq72Zpa9O+VMGwALMqVEpBGICozFQdNUp3Kg2zNpqJySUrXdS/c2axy3soW8BkWkwNKgKgYi5VqYTNZaKIlQgG4yNcgXvUN5CvNWlK3jfnd/nAltReiv+WMVW5S80WU4bJVy5bmsWF3DMMwtZiGdm1NyCBwm9PC57PNp3Gc62XS2pYbK5WVMOoWmoOVCtPMxKrnYFmy/SNwoGtha3Gb1cJGpK7feUp1nCNkjC4uq1RmqOS7tqS2tz+nVuHCdcacYRtFHP1kpPVkVLTTrG7XgB+UmLsJpvU8oWLP97v3ezdKws5S7y9S8Yx7hVFjwsLW8SeH3ZMlqVg9NSbB480aiVVFyhDAHceq+7XXUd0zrQVSDg+Jek3CalyN823iExS0/P5qpcnKRvK2DBnFVaf7saMCfM3CfPqhKMWnquf8AR7cKuWeZLUuMPhcS9Eq1fDiwu/NvzhVR2Wu53Ddv33AnL+mpxetzaVVzd0irZtAUWqWwtbnGekwtlbzmFmYW80C5NzcXz7gBps4xaUb6FLSvc0zlFgcRWqu7gld3nI9LKo3XU3txJOYAlr8Z6eHxFOEchw1MLNvMjVW0sLixuuY6bxcXtxuBrO7Rq3BnLrcn5WbbfEthw5u1KiFY8WYsSxNuNgt/+Z5lPB08NOXV7Oz7uw7o1pVI+1wMM3Ad86JEnd/IbtfncE+HJ87D1DbXXm6t3X+LnB3TzMVG078zSLOkTmLCAIAgHjMACToBqe6AfL+39o/KMTWrn947MPuk2UdygDun0VGGSCic7d2Y15oQRUK2WojdBJHXodPjqkQdpopVjmptG17NrtSZWXeBbXXeGBPifGdtWnGosr2PKjNx1ReV9s4jNnNQ5jbUBBoDfo7O3ToEw/R0krWLrETbvctRj3CKme4T0VKqcugBsCLjcL+JlnRp3vbUjPPa5Zu5clmNybC994AAA6LAAADdLQgoqyE5u9yN9D4du8Hj2dPGSwm2j2o+nHwPDXtktlYx1Kqabr62JHgbSEG7PQio6O5sbE6fHxumcNJS7zWos0Y2fAkqNxHDv1AJ14Dj090uykVZWK1srBst7EEjdexva/XInG6aIjJpouE2oob0X1IZjmGY2ynL6IGW4YkWPpnUaTh/Su2/doej+qXCOj3Lp9vIyUqbIctJQqlVQMRdL59bm4FtSN98u62X6Od21JamqxkLe6w23LmoxereoU5w2W75aiuNQVKfSXS9gRqbay8FJJWtp+f2RHGwbd0z0bfzee9RucJuxPEEKthlGpsmjArqZlLCSWitY1ji4Wu73NSx+IdizN6ZIZtAL2tcgDcba9dzxnW45Y2XA5FLNO74mLo669PuG4eExTu7nUlZEpNyT3SXqSb15Gdq8ztIUybLiEamRwzr56H+Fh+OcmKheF+RaL1PoWeaaCAIAgGteUbaPMbOxDA2Z15pem9XzLjsBJ7pvh4Z6qRWTsj5zP6z3zAoeGSWlRrEE8GB8DrMpOzuGrqxtOEYZVOuoGvq756cXdJnizvdomqt2Hj4WPuEllIHlVAL+wcJDQUnsQofga8APylS8lcpB1+OI/8ArI4k7IVF0NtL6d0MRd2eZ9Ld57+3dIJcbs8w439d9PVt74REySoN3RroLdQ/MwxA8ZvH47/ZAykSrwPVw6NP0lUi8nxKaotbh3dY6JDJiymo4tqOj4vIbViYxdyG9h+ugPfKF76mM2jVAUDcf+LTmqysjppRvItaOg6+EzjsdRMq7hLWBPgcaaFenXXfSqJUFuPNsGt32t3zOccyaCPrSlUDKGBuCAQekHUTxTYrgCAIByvy54+yYagOLPVb8IyL/O3hPR6Ph7TkZ1GchaesZFDmQySxxMwqEo2LZbEUqYO8KtuywM78NK9JHlYiNqjMgy29u+3EToaOVO7K6rD44a31kMiK1IhT4HUjTwNvylHoXu76DmWvfKT2KeFxv3cT0SjnHmaKLtsVVMLUP7t/Ub3WlXUhzXiTGElwJE2fVI/ZVCenm2/SR1sPiXiiHCXJnlPZlf8AqKp3/un4npt9kfrHXU/iXiizhJrZkx2ViDb/AKeuP8Gp4+jYQ61P4l4oiNOS4PwKl2TiNL4etu/qan+mOvp/EvFFXCXJ+BbtsuuN9Ct30nH5dXV3yOtp/EvFGmSTWzLLE0ypsQVP2gQd4O7u4ycyezCi1uR1Bpe2trwwnrYt3YBSO0TJs1S1MJtJdwtoTv4A/wDIv4TirvVI7KPFnlKWibE6b5cEe+VsD6c8nON57ZmEcm5FIIT10r0zfvQzx60ctRo1WxskyJEAQDgHlZ2hzu0agBuKSpSHRcDO38Tkd09rAwtSvzMZvU01p2lC2dpRsks67TlqyLJG8umbCYWutMZeZpo2U7nS4LMD03366x0XiopyoS967a+xy4yhJ/5FtsyAV9BpbtM9y9zylCzMrTppSQVHUMz/ALOm18oW+XO4BBIJuAotexJ0sDzTlKpJxi7Jbv6L6s0ilFXlq+C+rMryTrVMXX5lq9SkuVmHMlaYFitgFUADQ9F9JyYuMKMMyim78dTooZqk8rdl2GBfamIzEc/W3kftKnX1zojSptJ5V4IylOS4vxI6u0a1v21Xr89+g9ct1UPhXgQpy5soG0KltalT129tzp3x1cPhXgHKXMLVqnXNUIsTve1gbk36BffCjTvay8g5StuyipWP1jvva/QCfyl8keRVSfMCsRxOnX8H44yMq5E3fMJinB0dhv4kdB6euRkjyROaXMkO16yi3OFl4pU+cQ9RR7jw1mc6MHwt3aF4TlzINoc21LnqYyi+R6dywRyCVKk6lGCta+oKka6SkZNezL5Pn/ZfJf2kYerX0vpxlWy6Ra7aBSlTUnWoczLbcEBCanj57E908mVfraumy0uejCl1cdeJZUd07YkEw3dZ900ICjWAdv8AILtDNha9AnWlVzAdC1Vv/Ornvnl4yNpp8zSD0OnzkLiAIB8x8qsDiKOKqjEqVqM7uSb5XzMTnQ8V14btxsZ9BQlCUFkMJJ3MOWm1yCCqZnJg92Dso4vF0MMDbnaiqT9Vd7EdYUEjrtOCtKybNEbtgHVK+KwoX5pMRiFpp/diq4Cjs4ds469CcYRrR0emvb/ZpSqwcnTl+Ixu18C1Brb0YXpt9ZejtG49x4ie7gMasTTzfuWjXaeTisO6M7cOAxtUsKdS5s1Omuu4GiBSI/gDfinTS0zLtfnqc9Rap9hkeSm1/ktdaxXPYMtr5TZh02PVK4mh11PLewpVerncv8RjcLVulLBMKrmyNz7tZ23HLax1bcbCYxp1qdnKp7K7OBdypz0jHV9p7UxRSpTo/JPnEq0myE52bKpBp2yk2fMGPAW4zNU7xc8+jT1/ORfNZqOXU8xGKOHPNth8lRadVLsyM4NVw6ucq71AsBvseEtCn1qzZrq658FYrKeR2tbR+Za4XbhRVHN6hK6MwbKzc+4Oa+U2K5bC9734S88Nmbd+KfgVjVsrW5+ZHU2tfDjDhWABuzZ75tdBkK+aBfQBhrrrLKhar1l/L+yOs9jLYx6toOydBkQu9tfjX/8AB/zIZexbVnJ6v13/AJSjZaKsVNVy0Kv23pKO7O5PcAB+OctT318zop7P5EWycEX+cYeYp0H134Ds1F+0DjPPx2JyLq47vyR24WjmeZ7Ixu3MLWcHE5b0Uq8wWH0amUNYjeLjceq05aMFCx0VJXZZUzPTiYkw6en2TQg9DdEgk3byOY+rT2kq00LrUU06wW9kX01diNBYrbX6xG8zkxcU4XZaO59ETzDQQBALHa+x6GKTm8RSSou8Bhqp3XU71PWCDLRnKDvF2Bz3a/kcosScNiHpfZqKKqjqBureJM7YdITXvK/kUcEa1ifI1jr2Wrh2HSWqKfDIffLvHRe6ZGQ2TkB5KDg8SuKxFZaj083NpTUhQzArmZm1OhNhYb7zlq186skWSsa1QwOba1dBp8/Xbr85m/NgZ14ypk6OvzsctBXxfdcy+2sEr4KrmA+bK1KZ4eeV0HVZivcJ5/RspU8dFLaWj+X5c3xlp4dvlsaZhStQcwbAglqTGwAZgAUYncGyix4EDgTPqp3i86+fdz+XoeKtVlfyIQhUlWBDA2IIIII3gibJpq6MpJ3MlsB7Yqgf72nf1l490xxKvSl3M0ou013m+VcbRXGYqmGWliKmUUsQQGUE00GX7Oo38e4A+Oqc3RjLeK3XzPQc4KpJbN7M0ursmotSstYlWpo1Vm9PnAGUXU3Fyc17noN56SrxcYuC3duVjjdKWZqXDUlXk6ecyCqp+ep0iQt7LVTnBUOvoi9j18ZT9Wst7cG/B2sT1Dva/GxHT2SgoPVLnSmzqFC5Qy1AmRmvfMRdsttxBvJdd51FLj9AqSytt8DypsZA9NBXGV84zspSxRcwGRjm1NlBNgSe6QsTJxby7EuirpX3IaeyaZLA17AGiutMg3rEg6ORonE7iDwk9fKy9nn5fcdWr78vMwj0WNQ0l88hiqhRfMQSPNA6bS+dZcz0GXWxFtQgZaQIPN3zEag1GtmsRvACqoPHKTuM507vM/xG1raGzYbCZcPh14lM5/xL28M6eE+bxFTPiJy5aeB61BZaUUZ7yUbDp4zZmPoVR5tXEuLi11Ip0irrfiGII7J2VXlce5GcdbmGxPkUxqm1Ovh3XpZqtM+qFb3zeOLjxTIyl3gvIniCRzmJop05Eeof4ikl41LaIyG4bH8kuApWNXnMQ3941k9RLAjqa8wni6kttO4lRRuuAwFKigSjTSmg3LTVUXwUWnO227ssXMgCAIAgCAIAgHG9s3p7bqBNC5t31KKn+bWenVip9Hpvg0/CRwxeXFNc19P6J+UuJBwNbKLA/Jiv3bUbAePjeef0bdY6N+UvqdGLS/TvvX0OfUktvn2SR4LdzJptIkZalOnVA0BqK2YAbhnRlYgcLk24TF0Fe8W13beBbrHxSZIMdS44Wl3PiR/8sq6U/jfgvsSpx+HzZIcbR/sqf+SuP88r1VT4/JE54fD5sDFULf8Aap/5K/8AqkdXU+PyRbPD4fNlD42j/Zafr4j/AHI6up8b8F9hnh8PmzxsfS/stLvbE/7sdXP435fYZo/D6lDY9P7LQ/8Acf7sjqpfG/L7FlNfCiNdpLf/ALbD+Ff/AHY6p/G/L7DOvhRaVtqvcogWkraMtJSuYdDMSXI6ibdUz6tKWuveaZnl007jE1ZWW5aOxu2JxfzK1BwoUyO+k7W9aks+XVP/ADSg/i+v9nsqX+NSXI3nyIYfLs2/1q1Q+GVP8s7sV/ssc9H3bnQJzGogCAIAgCAIAgCAIAgHGuVz5dtM3QaTHsWkpPsBnrJX6Pa5/c4G7YtfnAxHKDaHzSUAdQKWf8FNQB6xPqiR0VhX1rrvtS+bf0GOrWgqS7L+Bgl3z6E8hnl9YIKw2vx8cZARJaVZYrBlSSNhBJSwkEohZpBdEdOQiWQYzRgZlPRl4bFvV3/HXMZGsTNbMxeaiaRO4FfwsKir/FVE8XFUslbOuOvzVvselQnmp5eR2fyU0Mmy8P8Aa5xvWqOR7LSuJd6rFJWgjbpgaCAIAgCAIAgCAIAgCAcM8oVW20q7daDXdrSQEHqt759Dg6anhYx/NzyK83Gu3+bFltXBc3haTuL1ajCoxO+1QVDbwRD1EmZYPEKeKlTh7sVZfK31uWr02qKnLdv1uYQGeyeewDJKsk+PjwgFeaVJRWsqyxQx+PjtkEkdRhIZZEDmUZdEdJtYQZTjdZSqXplmzTnZsjKUMKPk3PL6SMQ/2lYlT4XT1iZ59SonX6qWz27/AMudUIuNPOjuXkuxoq7Mw5+qHpn/AA3ZfcAe+cVeNqjR0wd4o2uZFhAEAQBAEAQBAEAQBAOXcqMDSbEY2o4vmNNOyy0cxHa2ncemaTxtSLp0qfC79TJYaDzTlxsvQ1zls5IB+jnsv4UW/tYzo6BXtt/x9WU6TtkS7foatPqUeEypTrJIZLBAMhko9DSpYpZpUsiJjKlkRMZVlkQq2sqnqWZJW1EmotCIOzMcROU6TYOTbXpup9Fs6nsZAf8ALPC6SbhVjJb6PwZ6WESlTcX+aHUPIhX/AOiq0j+6xFRR1h1SoD/GfCTWlmtPmhFON0zokxLCAIAgCAIAgCAIAgCAcu5R0s9dqX18SAfuqxc+xZnh5JVp1Jfti/PRepaun1UYri15amucq6gOEwZ+kzYhm9cAeyer0LG1Wpbgoo4OkXdLvbNUbhPpEeQyWnpJKskggpZpVkpFIMqy6RQzSpYozSCxS26VZKLUnWZmlidTea7oz2LKroZxPRnUtUZzZRy4QtxNVvBaaj3tPD6R9qql2L1PTwWkW+86R5FyQ2LXhbDv3sKqH2U1mNOV6aXK6NKsbT7zp0koIAgCAIAgCAIAgCAIBzPbIy4yo3RzrDtOUD2Fpyu9pLnKK+pvvl7E2aVykuEoIfoI1vxEMffPoehd6r/l6Hk9Jfs7jArPdR5TK1MsUZJmhhERaUNEinNKssihjIJKSZBJ6DIJLapvmT3NESUzLxZRogxA1nNVVpG9N+yZnZK5qKg7lqNf8ZpD9J4GO/3/AC9LnrYX/WdP8jtIhcSx/ulv1pzoPv8AbOamtW+ZrUeiOjzUyEAQBAEAQBAEAQBAEA5xyuFsVWA/qg3rBv8ATMZL3e2a9EaQfvf8/c1Dl1Sythz9akD/ACz2uhN6q/keXj3dQfYasJ9CjzGVoJJRntVpEiYoty0zbND0QDwyCSN5VlkeI0gk8rCUmWiUU2iLEkeVumUrLS5ak9bGZ5MXdK1MbxTd17bL+aieD0hC04T7Uj08NL2ZROg+SHahOJxWH+iadKsvUdVbxungZzxhamn2teB0VJXn5nU5BUQBAEAQBAEAQBAEAQDRuUeHzY1x9egB6hH+4JlXbVNPlNen9CD9trmvz1NP5cUc+EwNYD92A3VmSnv7wZ7PRTUMTWp9t/Nnm4r2qUJGkz6BHnMmQSxRlvVeUkzSKIxKliq8A8JkAoaVZZEZlSSrfD1CIdxmaNGVM2lpaWqKx0ZsPk7p3xTD+6f+ZJ4XSmlJf9I9HDe98jL+TWoaO1qGYkDEYbKvQSEDe+ifHrmejpStwkza7zruR3WcxoIAgCAIAgCAIAgCAIBpe0FP9Jjrp1O42wxP8olK9nh5Ltj/APRntUT7H9DD7XpD5KtN/RSvUpHqVmrUk8M9M9ok06zhiJSjvlUvCzfoyvVqUFF7Xa8bo5fVplWKneCQe0aH3T7SlUjUgpx2ep4lSLhJxe6PXNhNDIs3OsyZserCIKpIPDKklDSrLFJlCx4DJIKKomb3LxZQeEm5NjZuQFcJiGPSAPYx/wAs8Ppheyvzkd+D1uZKu4w77MxP9VVoo/3KirmPcM3jOLDVM1SrT56+B0TjZRl8jvMFhAEAQBAEAQBAEAQBAOaYTay19pVWX6FSug7KaUKZPeymVx1N0qN+aj6y+hnTkpytyb9EUbcN6Fcg/wDqAR+Gsl/aDMKUr4mC507eMWXatTb/AJfVGicoqOTE1FO8EX70Uz6zoZ3wUPn6s8jpBp4iVvzQw1epPRkckUWwMzNCUSxU9kA8MhklJlGWKTKligyQeSGiUR9UzvYvubUMA2GWlwZ6tMabyxIv3WBE+XlWeLrTk/dimeyoKjSUVu2i45S0DVw70hvAVl6zTQIwHcL/AIxMMLVjCtGo9no/nsWqQbg4rdHcthYznsNQrDdUpU39dA35zpkrNozRfSCRAEAQBAEAQBAEAjr1Mqs3QCfAXgHFPJ5Ryq2Ic+c2bf8AVBUsfWB8BHTldymsPHZW8XsjPA0kouq+NzL4yofkiXFmqvTJB+tWqhyO658JzUPax8rbRi/CMbGk/Zw65trzZqHLHEB8biGG7Pb1FCH+WfX9FRy4Omnyv46nh4t3rSNcrNOyRlEpQSCSSCCoSQDIZKIzM2XPJAKWEgkoMAkw1QLURzuV1J7AwJ9gnPXi3CSXJm1N6o6Fyprq+Jwara16zdpCDKfjpnyWGdsLXfHReZ68l/mgu/0MRiqpBfqrKPWSmvuMzhtFfxfk2zoe7fadg8npP9G4QHetFUP+H5n+Wd8pZndcTmtbQ2GQBAEAQBAEAQBAEAtNrtahVOmlN9+70TvgHI8FRR2AUFaZVaaaWDUt9UqPqtZFzd43i/JOrOgnKbvK+Z9ktop9q1djVQjU0Wi2+XH7E+3NqJz6gm9PD3q1LcaliKdMfauff0GdPR2Bq/p5S/dU9lf87yZz4nEQ61LhDV9/BHPcVXLEsd7Ek9p1M+0hFQgorZKx4Mm5SbfEsibmQW2JEkkFYgg9EANIZKIzM2XF5APDIJI2EAp4SJIsmZ2jtTNToOf2mHfzhxak1hcdJFgD234zwpYLLUqQXu1Fp2SR6Kr3jGT3i/Iyu0qeYkIQecCtTPDOliNesBD2K08Ok8tsy91tPuf4z0pa7cdV3nT/ACUV82z136VawsfokuWK9xYjundFWSX5bgc73NxkkCAIAgCAIAgCAIBqPlT2scPs6qVNnq2or1c56R7kDnunRhaeeqkZ1ZZYtnHW5U1BSCqLVAMjVCxJt9hbAL3fpO6HQtJ1M8n7N75bce17s5XjpqOVb8zHc7mQdvtnvJKx5b3LKpUlWyyRSgkFmTAySp7BBUIB48rItEimZYQDyQSeQCllkkoo4zJoui8w213prkIDpvCtcZT9lhqNdZ5uJwFOrPrFpLs4952UcRKMcr1R3TyQA/0XSYm5d6rbyf3jKN+u5RPOqwUJZUdUZZldm6TMsIAgCAIAgCAIAgGpeVDZJxGAfKLtSZaoHSEuG/gZvCdeBmo1lfZ6GGIi3TdjgLUD38Ou27vn06ieRmuRiqVBHTw65N7EZbsoCyCbkoEFSq3ZAPQD0e6AegySDyoRM5FkUeMoWFj0SCTwr2QDy8A9MkEdVZSSLRZBUHj0frMpI1ifQfkbzf0VRDcGq5etece35zw8UrVWejT91G7TnNBAEAQBAEAQBAEA8IgHIeW/k9akWrYZS9I6mmBdqXHzR9JezUe2fQ4HpGM0oVdHz5/2eTicJKDz09uRz2pR+uubhm3MO08e+ew4nCp8tCP5On1iPvC3tEo4FszKhhD9GzdYYeyRl5DNzI2oMN6ESMrGZPiR27R2iQWPQeuCDx265nIsikd5lbFrki0WPDwkqLIzI9bCkbyB94j85OQZuR5za9N/ugn27oyoXY5voRj2n9JOXsF+08cOd1h2b/EyHFkqSNz5EeTariWFTEK1OhvN7h6vUo3gdLeHSPLxOLhTWWGr9Dso0ZT1lojuWGw600WmihUUBVVRYKBoABPFbbd2eilYlkAQBAEAQBAEAQBAEAQDB7a5J4XEktUp2c/TQ5W77aN3gzroY6vQ0jLTk9Uc9XC0quslrzNPx3ksN/mq6kcBUTUfiX9J6lPpv44eD+5wy6Mf7ZeJg8b5MsWPRSk/3Ht/OBOiPSuGlvdfL7GbwVeOzv8AMw+K5H42lvoVx935wfwEidEMbhpbT+nqZSoVlvD8+RiK9KqhszEHoqIAfAidMXmV4u/mYPT3o2IC7cUQ936GHF8iVKBDmPCmg6zc/nM3GXI0TjzJqSOTYML9Cqt/zMWa3ZF1wRkaPJ7FPotHEt2JUA9wExlXox3mvE0VOo9o+Rltn+TnGvrzATrquo9gu3snNPpDDQ2d+5GqwteW+hnqHkqxB9KvSX7qu3vyzB9MQW0Waro+XGRlsF5KqI/a4io/3FWmPbmPtnPPpeo/dil5msej4cWzZtkcj8HhyGp0VLjc7+e4PSC27utOKrjK1XSUtOWx008PThsjOzmNhAEAQBAEAQBAEAQBAEAQBAEAQBAKKlNW0YA9oB98lNrYhpMt22ZRO+jT9Rf0l+tn8T8SMkeRCdhYUm5w1C/TzVO/uk9fV+J+LI6qHJeBeUcOiaKqr90Ae6ZuTe7LJJEsgkQBAEAQBAEAQBAEAQBAEAQBAEAQBAEAQBAEAQBAEAQBAEAQBAEAQBAEAQBAEAQD/9k="
"Michael Kors Jet Set Tote Bag","/products/fashion/michael-kors-jetset-tote.jpg"
"Milton Lunch Box Set","/products/home/milton-lunchbox.jpg"
"Milton Thermosteel Water Bottle","/products/home/milton-bottle.jpg"
"Minimalist Vitamin C Serum","/products/beauty/minimalist-vitamin-c.jpg"
"MSI MAG 27QRF Gaming Monitor","/products/gaming/msi-mag-27qrf.jpg"
"Navneet A4 Notebook","/products/books/navneet-a4-notebook.jpg"
"Nescafe Classic Coffee 200g","/products/groceries/nescafe-classic.jpg"
"Neutrogena Deep Clean Face Wash","/products/beauty/neutrogena-deep-clean.jpg"
"Nike Air Force 1 White","/products/fashion/nike-air-force-1-white.jpg"
"Nike Air Max Excee Women","/products/fashion/nike-airmax-excee-women.jpg"
"Nike Dri-FIT Training T-Shirt","/products/fashion/nike-drifit-shirt.jpg"
"Nike Dunk Low Panda","/products/fashion/nike-dunk-low-panda.jpg"
"Nintendo Switch OLED","/products/gaming/nintendo-switch-oled.jpg"
"Nivea Aloe Hydration Body Lotion","/products/beauty/nivea-bodylotion.jpg"
"Nivea Men Face Wash","/products/beauty/nivea-men-facewash.jpg"
"Nivea Soft Moisturizing Cream","/products/beauty/nivea-soft-cream.jpg"
"Nivia Basketball Size 7","/products/sports/nivia-basketball.jpg"
"Nivia Storm Football","/products/sports/nivia-storm-football.jpg"
"Nivia Weight Training Gloves","/products/sports/nivia-gym-gloves.jpg"
"Nothing Phone 3","/products/electronics/nothing-phone3.jpg"
"Nykaa Nail Enamel","/products/beauty/nykaa-nailpaint.jpg"
"Omron HEM 7120 Blood Pressure Monitor","/products/health/omron-hem7120.jpg"
"Omron NE-C106 Nebulizer","/products/health/omron-nebulizer.jpg"
"OnePlus 13","/products/electronics/oneplus13.jpg"
"OPI Nail Lacquer","/products/beauty/opi-nail-lacquer.jpg"
"Oral-B Pro Health Toothbrush","/products/beauty/oralb-toothbrush.jpg"
"Paco Rabanne 1 Million","/products/fragrances/one-million.jpg"
"Parachute Advanced Coconut Hair Oil","/products/beauty/parachute-coconut-oil.jpg"
"Parker Vector Ball Pen","/products/books/parker-vector-pen.jpg"
"Parle-G Biscuits Family Pack","/products/groceries/parle-g.jpg"
"Pee Safe Menstrual Cup","/products/health/peesafe-menstrual-cup.jpg"
"Philips Air Fryer HD9252","/products/home/philips-air-fryer.jpg"
"Philips Air Fryer HD9252","/products/electronics/philips-airfryer.jpg"
"Pigeon Non-Stick Cookware Set","/products/home/pigeon-cookware-set.jpg"
"PlayStation Portal","/products/electronics/playstation-portal.jpg"
"Plum Green Tea Face Mask","/products/beauty/plum-mask.jpg"
"Plum Green Tea Night Gel","/products/beauty/plum-green-tea-gel.jpg"
"Post-it Sticky Notes","/products/books/postit-sticky-notes.jpg"
"PowerMax Air Bike","/products/sports/powermax-air-bike.jpg"
"Prestige Deluxe Alpha Pressure Cooker 5L","/products/home/prestige-pressure-cooker.jpg"
"Prestige Induction Cooktop","/products/home/prestige-induction.jpg"
"Pull-Up Bar","/products/sports/pull-up-bar.jpg"
"Pulse Oximeter Fingertip","/products/health/pulse-oximeter.jpg"
"Puma RS-X","/products/fashion/puma-rsx.jpg"
"Puma Running Shorts","/products/fashion/puma-running-shorts.jpg"
"Quaker Oats 1kg","/products/groceries/quaker-oats.jpg"
"Ray-Ban Aviator Sunglasses","/products/fashion/rayban-aviator.jpg"
"Ray-Ban Erika Sunglasses","/products/fashion/rayban-erika-sunglasses.jpg"
"Razer BlackWidow V4","/products/gaming/razer-blackwidow-v4.jpg"
"Razer DeathAdder V3 Pro","/products/gaming/razer-deathadder-v3-pro.jpg"
"Razer Kiyo Pro Webcam","/products/electronics/razer-kiyo-pro.jpg"
"Rcb 2026 Official Jersey","https://teehubshop.com/wp-content/uploads/2026/03/rcb-jersey-full-sleeves-600x800.jpg"
"Real Mixed Fruit Juice 1L","/products/groceries/real-mixed-fruit.jpg"
"Red Label Natural Care Tea 1kg","/products/groceries/red-label-tea.jpg"
"Resistance Band Set","/products/sports/resistance-band-set.jpg"
"Reynolds Trimax Pen Pack","/products/books/reynolds-trimax-pack.jpg"
"Rich Dad Poor Dad","/products/books/rich-dad-poor-dad.jpg"
"Samsung Galaxy Buds 3 Pro","/products/electronics/galaxy-buds3-pro.jpg"
"Samsung Galaxy S25","/products/electronics/samsung-s25.jpg"
"Samsung Galaxy S25 Ultra","/products/electronics/samsung-s25-ultra.jpg"
"Samsung Galaxy Tab S10+","/products/electronics/tab-s10plus.jpg"
"Samsung Galaxy Watch 7","/products/electronics/galaxy-watch7.jpg"
"Samsung Microwave Oven 28L","/products/home/samsung-microwave.jpg"
"Samsung Neo QLED 55-inch TV","/products/electronics/samsung-neoqled55.jpg"
"Samsung T7 SSD 1TB","/products/electronics/samsung-t7-1tb.jpg"
"SanDisk Extreme Pro 1TB SSD","/products/electronics/sandisk-extreme-pro.jpg"
"Secretlab TITAN Evo Gaming Chair","/products/gaming/secretlab-titan-evo.jpg"
"SG Kashmir Willow Cricket Bat","/products/sports/sg-kashmir-willow-bat.jpg"
"Skechers Go Walk 7","/products/fashion/skechers-gowalk7.jpg"
"Skinn by Titan Raw","/products/fragrances/skinn-raw.jpg"
"Sleepyhead Premium Pillow Set","/products/home/sleepyhead-pillows.jpg"
"Sony Alpha ZV-E10","/products/electronics/sony-zve10.jpg"
"Sony Bravia XR 55-inch TV","/products/electronics/sony-bravia-xr55.jpg"
"Sony DualSense Wireless Controller","/products/gaming/dualsense-controller.jpg"
"Sony PlayStation 5 Slim","/products/gaming/ps5-slim.jpg"
"Sony PlayStation Portal","/products/gaming/playstation-portal.jpg"
"Sony WH-1000XM5","/products/electronics/sony-wh1000xm5.jpg"
"Sports Water Bottle 1L","/products/sports/nike-water-bottle.jpg"
"Steam Deck OLED","/products/gaming/steam-deck-oled.jpg"
"SteelSeries Apex Pro TKL","/products/gaming/steelseries-apex-pro.jpg"
"SteelSeries Arctis Nova 7","/products/gaming/arctis-nova-7.jpg"
"Taj Mahal Tea 500g","/products/groceries/taj-mahal-tea.jpg"
"Tata Salt 1kg","/products/groceries/tata-salt.jpg"
"Tata Sampann Toor Dal 1kg","/products/groceries/tata-sampann-toor-dal.jpg"
"The Alchemist","/products/books/the-alchemist.jpg"
"The Body Shop Tea Tree Face Mask","/products/beauty/bodyshop-mask.jpg"
"The Derma Co Niacinamide Serum","/products/beauty/dermaco-niacinamide.jpg"
"The Power of Your Subconscious Mind","/products/books/subconscious-mind.jpg"
"The Psychology of Money","/products/books/psychology-of-money.jpg"
"Think and Grow Rich","/products/books/think-and-grow-rich.jpg"
"Titan Neo Analog Watch","/products/fashion/titan-neo-watch.jpg"
"Tommy Hilfiger Leather Belt","/products/fashion/tommy-leather-belt.jpg"
"Tommy Hilfiger Polo T-Shirt","/products/fashion/tommy-polo-shirt.jpg"
"TP-Link Archer AX73 Router","/products/electronics/tplink-ax73.jpg"
"Tresemme Keratin Smooth Shampoo","/products/beauty/tresemme-shampoo.jpg"
"Tynor Knee Support","/products/health/tynor-knee-support.jpg"
"Tynor Lumbo Sacral Belt","/products/health/tynor-back-belt.jpg"
"U.S. Polo Assn. Casual Shirt","/products/fashion/uspolo-casual-shirt.jpg"
"Van Heusen Formal Trousers","/products/fashion/vanheusen-trousers.jpg"
"Vaseline Intensive Care Lotion","/products/beauty/vaseline-lotion.jpg"
"Veet Hair Removal Cream","/products/beauty/veet-cream.jpg"
"Versace Eros","/products/fragrances/versace-eros.jpg"
"Vicks Steam Inhaler","/products/health/vicks-steam-inhaler.jpg"
"Victoria's Secret Bombshell","/products/fragrances/bombshell.jpg"
"Volini Pain Relief Spray","/products/health/volini-spray.jpg"
"W for Woman A-Line Kurta","/products/fashion/w-aline-kurta.jpg"
"W for Woman Printed Kurta Set","/products/fashion/w-printed-kurta-set.jpg"
"Wakefit Memory Foam Mattress","/products/home/wakefit-mattress.jpg"
"Weight Training Power Rack","/products/sports/power-rack.jpg"
"Woodland Leather Boots","/products/fashion/woodland-boots.jpg"
"Xbox Series X","/products/gaming/xbox-series-x.jpg"
"Xbox Wireless Controller","/products/gaming/xbox-controller.jpg"
"Xiaomi 15","/products/electronics/xiaomi15.jpg"
"Xiaomi Smart Air Purifier 4","/products/electronics/xiaomi-airpurifier4.jpg"
"Yoga Mat 8mm","/products/sports/yoga-mat.jpg"
"Yonex GR 303 Badminton Racket","/products/sports/yonex-gr303.jpg"
"Yonex Mavis 350 Shuttlecock","/products/sports/yonex-mavis350.jpg"
"YSL Black Opium","/products/fragrances/black-opium.jpg"
"YSL Y Eau de Parfum","/products/fragrances/ysl-y-edp.jpg"
"Zara Floral Midi Dress","/products/fashion/zara-floral-midi-dress.jpg"
"Zara Overshirt","/products/fashion/zara-overshirt.jpg"
"Zara Satin Evening Dress","/products/fashion/zara-satin-evening-dress.jpg"
